src,dst
82f7ae6e-c440-4b89-b209-fd094f48fd3d,05a2ccc5-2730-4502-bae4-c6dfc2735802
05a2ccc5-2730-4502-bae4-c6dfc2735802,77f5fb08-0950-451b-9209-70f155e7a0e3
05a2ccc5-2730-4502-bae4-c6dfc2735802,d1028f7b-adc8-4fbe-9850-1ab8af1ba274
05a2ccc5-2730-4502-bae4-c6dfc2735802,357b46af-7192-44b2-8170-e41b36af284a
05a2ccc5-2730-4502-bae4-c6dfc2735802,cb0f16b2-567c-46f9-bca2-bdb8a85c80b5
d439d584-4d4a-4d06-bb8b-364e9504cd5d,9dc59898-6649-48d6-b6d8-ef8ed39dbe06
c50beb11-15e5-43d1-9798-9c14181d689c,a93bd2cf-4a94-448e-a530-9b973db1f1a0
a93bd2cf-4a94-448e-a530-9b973db1f1a0,6e08a0fb-1dfd-41e4-aab5-ab4fd83f9906
a93bd2cf-4a94-448e-a530-9b973db1f1a0,4a27c79d-c24a-4629-9759-413e29132c1f
68fcd2b1-4e65-4aab-9bce-2a1fded1b8dc,a459524c-b0fd-4552-a21a-87693b516c40
a459524c-b0fd-4552-a21a-87693b516c40,cf20be6d-0b50-4bc5-97ff-e288732e3879
a459524c-b0fd-4552-a21a-87693b516c40,dec66c0b-54c5-4866-b770-23391c611f75
5f760882-e738-485f-a30e-47f98596b163,60c0a4de-9410-488d-a871-2f1a142a9446
60c0a4de-9410-488d-a871-2f1a142a9446,6b18fb17-cc17-477c-b976-f2473229450a
60c0a4de-9410-488d-a871-2f1a142a9446,ac093692-1b73-46b7-8a64-b01e3875fcf0
60c0a4de-9410-488d-a871-2f1a142a9446,46b04b58-6c2e-4506-b3a0-4d560d84338d
a2b1012a-9af4-4e9a-ab69-02fea87976e9,4f44a346-584b-4d56-99fa-e45d332e1b5c
4f44a346-584b-4d56-99fa-e45d332e1b5c,3e20e949-4c63-4185-9b95-46cb45ed585a
4f44a346-584b-4d56-99fa-e45d332e1b5c,b06039eb-06ef-42d1-83c1-c6aa0294c698
3046b1f7-9485-4d3c-bddb-78de48a704de,df887849-11b5-49b2-b904-7ad8e4cee0d9
df887849-11b5-49b2-b904-7ad8e4cee0d9,fb11c811-9beb-4604-af91-5608335c9476
df887849-11b5-49b2-b904-7ad8e4cee0d9,96f0a80a-7525-4042-b12b-9e123ed475c6
df887849-11b5-49b2-b904-7ad8e4cee0d9,9d7d3174-1f7a-41fa-9ef7-cc4f2ddd4c02
4c8d39e0-0201-4121-9f42-a292cdae5675,c1508bc3-21a4-4be9-80b0-2cb08507c64d
c1508bc3-21a4-4be9-80b0-2cb08507c64d,c79a6a1c-aab3-493f-90b4-8241923c9805
c774ec49-e366-4aa5-9d3a-ea458a1a73ea,0f17622d-6811-4a1e-9199-9db6f7cd74be
811a6b48-5b58-42dc-be49-83a988bf8f51,d94c5434-0455-48ec-9491-22894714d871
d94c5434-0455-48ec-9491-22894714d871,6fce8156-3139-4767-be80-a34b64d27c47
681f9ab4-fbe2-4bce-b40b-f0cc0ed9dbb7,b5c7b0e5-097d-4ca6-831b-bcf31996d306
b5c7b0e5-097d-4ca6-831b-bcf31996d306,b7072d79-c194-4c8b-8ef2-16458c795f3b
b5c7b0e5-097d-4ca6-831b-bcf31996d306,326860d9-cb1a-4ab9-9999-af84b3508b51
36f1fb87-5eac-4e30-9c0b-3323a5da7c99,1bbe5757-7895-4d69-a8ee-90d3389f440f
1bbe5757-7895-4d69-a8ee-90d3389f440f,65822e8f-5ce8-496f-bddd-d1b99d3b35ea
1bbe5757-7895-4d69-a8ee-90d3389f440f,6a4047e5-ebca-4741-8f0b-f8356995c659
1bbe5757-7895-4d69-a8ee-90d3389f440f,20fe0f36-bc88-4d01-a8e1-11c17d707910
3fc1dbd9-2b99-49de-b4ce-3925594a0941,4229141d-9822-40b5-92c7-ec2cb59da565
4229141d-9822-40b5-92c7-ec2cb59da565,edfa1269-a467-47d2-871f-7d78e68e3301
4229141d-9822-40b5-92c7-ec2cb59da565,b275c48b-af5f-4c79-9427-31934452641e
4229141d-9822-40b5-92c7-ec2cb59da565,38532e85-152b-44c8-8045-879c2ee5740f
4229141d-9822-40b5-92c7-ec2cb59da565,d189a2e9-c5d7-4d7c-995f-076bee88e680
f93a8046-ae31-40e0-bc8e-7ea393455993,5fe8aa9a-3a58-4a4a-8640-2f61533aeea0
5fe8aa9a-3a58-4a4a-8640-2f61533aeea0,7a0b44c3-a87a-49b3-be6b-44de89f5c341
5fe8aa9a-3a58-4a4a-8640-2f61533aeea0,13a0ba74-4bfd-4788-b15a-063357b80d03
5fe8aa9a-3a58-4a4a-8640-2f61533aeea0,9f847173-d2a6-4f23-80b0-501052f51fe5
affd4518-ecfd-4bbf-b090-2744678ea3d5,0e055562-6e8b-484d-b9c7-a4b0d82adfa7
0e055562-6e8b-484d-b9c7-a4b0d82adfa7,4b36f9f4-9087-4a54-aace-48026234d7c6
0e055562-6e8b-484d-b9c7-a4b0d82adfa7,9c725e4e-5146-46a1-b5d6-88512d3cd6a7
712fa078-87ca-458d-8e2f-023a3a18f26c,0b476e62-9d53-486b-a2a1-3552ce4397c0
0b476e62-9d53-486b-a2a1-3552ce4397c0,3f4231e2-b99c-425e-831f-9a596227c847
7a5979e7-ae91-4a6a-82b6-fa045238e591,dfbb5b90-1dad-4469-ab38-97c51484be69
dfbb5b90-1dad-4469-ab38-97c51484be69,8d92fbc9-cae7-47f1-9c26-258f855d45f5
dfbb5b90-1dad-4469-ab38-97c51484be69,47a51bcd-f850-4a34-a75a-2086aa1a3fbe
dfbb5b90-1dad-4469-ab38-97c51484be69,8a6b6086-48bc-4fe6-89dc-ad4d20c24ac1
822d38b3-b944-4ad9-a567-0d1960b5a051,929b01c7-b6c1-488c-8b92-c6ec3fc2ff38
929b01c7-b6c1-488c-8b92-c6ec3fc2ff38,c597a1ee-6d18-4886-b524-0c4f425b02dd
929b01c7-b6c1-488c-8b92-c6ec3fc2ff38,b5794dd8-d900-4a7d-9aef-b3857ae4c943
acab5e79-92cb-421d-8ad6-acedec57535d,2feacba1-d877-483a-9191-95184054a853
2feacba1-d877-483a-9191-95184054a853,60d8af30-39b0-481d-9757-f072b172613e
2feacba1-d877-483a-9191-95184054a853,b4aebebf-98dd-415b-8543-a5474cee478c
2feacba1-d877-483a-9191-95184054a853,b233b739-b72b-4cf4-9af2-90cde7e5ad50
2feacba1-d877-483a-9191-95184054a853,db8df765-2226-449d-abcd-42c70f6c72d0
07372680-832f-43af-9b6d-a7d598c1f7a7,6aeb5f81-e04f-4ab8-a4c9-71a68bc44a4f
6aeb5f81-e04f-4ab8-a4c9-71a68bc44a4f,9c8aab20-45e7-471a-9855-13836062c8d2
e2592105-4ca8-40bf-9d82-f6b8c2674173,b1e8d227-d8ee-4b5f-8eb0-629a9cf6b3c0
b1e8d227-d8ee-4b5f-8eb0-629a9cf6b3c0,a4400559-09c6-4b4a-9cd1-7f8af9a64656
b1e8d227-d8ee-4b5f-8eb0-629a9cf6b3c0,4aee9b27-a27b-4f62-97ff-7f33a08ece18
1968b572-2709-4741-ab88-d9e9c51e0369,53deed86-8dba-4a31-9c45-7347382e5196
53deed86-8dba-4a31-9c45-7347382e5196,85674ea0-ae75-48d2-acb5-5aa832a07a4e
53deed86-8dba-4a31-9c45-7347382e5196,07a07011-c4de-4da5-96ca-4d59a1460f83
53deed86-8dba-4a31-9c45-7347382e5196,75a01b6b-d0eb-4e3a-8731-5388171539c5
c9198650-75b0-437e-b9b6-3c5ed54d965b,6a0b6f40-4b89-4ee3-a317-5dd94524d8e3
6a0b6f40-4b89-4ee3-a317-5dd94524d8e3,bc93e224-1025-4995-9b8e-80f0c1f47312
6a0b6f40-4b89-4ee3-a317-5dd94524d8e3,efd80724-3ae6-4096-924d-2ed35e55cf45
6a0b6f40-4b89-4ee3-a317-5dd94524d8e3,ce966a99-631d-4e08-a20c-8376c3a2a765
c8808027-94ee-444d-bf12-ce5e31a1e579,4289690d-953a-49e4-9e4c-bd1ef6f3842c
2735d9c3-9701-4ec0-b256-51d1a9cdca60,8c06db78-f1a7-44ad-86d0-91524a44330e
8c06db78-f1a7-44ad-86d0-91524a44330e,92593f11-237f-42b5-93e0-313f0f215bcf
8c06db78-f1a7-44ad-86d0-91524a44330e,0b2c5f8a-d636-4f51-85d6-7e26983be598
8c06db78-f1a7-44ad-86d0-91524a44330e,5c4e6015-6e96-4f65-9c43-bccfa51295ee
599372e9-0afc-49cf-bbb8-eaab81ccdd28,f07f79e1-4cca-4b55-91ee-d3f57db4b50c
f07f79e1-4cca-4b55-91ee-d3f57db4b50c,e3f24905-5fd5-4e24-93c0-a6a473a25044
f07f79e1-4cca-4b55-91ee-d3f57db4b50c,ebc19c87-cce4-4d13-ae2a-4c320c827f15
26668217-33ce-455f-a044-826e5759161d,814ab486-8080-4e4f-a42a-8646e75e2f2e
814ab486-8080-4e4f-a42a-8646e75e2f2e,24887177-8ad2-46ae-b02f-78b028d383f3
0c4ecde1-37f9-4e2e-a8b1-67c3f201b3d3,825abd41-cccb-4130-bea7-31c249fd1384
825abd41-cccb-4130-bea7-31c249fd1384,e86b2656-86d7-4dfc-a2e9-24c02318c60a
825abd41-cccb-4130-bea7-31c249fd1384,8dd46d41-e9e2-40d4-9f54-501103571c84
825abd41-cccb-4130-bea7-31c249fd1384,9fd6339e-60c5-41d9-9ac1-a27bf82907e5
825abd41-cccb-4130-bea7-31c249fd1384,cb8b80d4-0e8d-4faa-abe8-7137b44a34f3
e7c0c06e-21ea-4d73-85ac-f14a7db3a4cd,b9bf95e4-ffba-491d-9738-6cd0257d66cb
b9bf95e4-ffba-491d-9738-6cd0257d66cb,60ad7bad-5774-419b-9964-037dfff2e198
b9bf95e4-ffba-491d-9738-6cd0257d66cb,039afe00-6f41-4fba-9f59-082ce0d91673
b9bf95e4-ffba-491d-9738-6cd0257d66cb,c0928657-e3e0-496c-92d2-78b84ea963fb
b9bf95e4-ffba-491d-9738-6cd0257d66cb,2550ffc6-b454-46e7-9164-6663c4e8a69e
b4c7df3e-f92f-493a-af52-ab4ffa866363,17ae2084-bd6e-4486-816c-657918ede17d
8f69ad73-3062-4287-9b7a-2ae5f9b9fc64,3054eb87-e7af-4b2e-addc-f05abb2ef014
6158c6cb-4078-48a1-9e10-c82d911389d2,7a63fa9b-6456-42d0-80c3-8189b2956c3f
15015177-00e8-4376-968b-aa004d270648,1241b154-000e-4410-9109-199d27650924
1241b154-000e-4410-9109-199d27650924,32df7472-a81c-454e-8604-152b0167b09e
1241b154-000e-4410-9109-199d27650924,14401e4e-8efe-459b-9910-7c27adde651d
1241b154-000e-4410-9109-199d27650924,0e67606c-8e5f-44de-bbb2-6c5df4c92aa5
0f4af883-3a57-433d-a5f3-68477ec25163,4bbbcb0b-64f8-48b3-93da-44163ef4dacc
4bbbcb0b-64f8-48b3-93da-44163ef4dacc,89e6135c-0f65-474b-bdff-6594c2d1ad1f
4bbbcb0b-64f8-48b3-93da-44163ef4dacc,0400d6b5-ccbe-4d23-a9cf-82620b68da88
d46a8ae4-6a11-48b5-a02a-afc7468f9130,bdafb249-cfa1-4584-9f14-3c8e2a6facae
bdafb249-cfa1-4584-9f14-3c8e2a6facae,27d1d7da-eb33-4348-ab2b-5eba741cd00c
bdafb249-cfa1-4584-9f14-3c8e2a6facae,c7ea2cd1-5d9d-4320-a79c-bd13074b62bb
3486c4e8-f2cc-4106-b2a4-db3cb24ebee9,3cfaff99-4d1b-483f-a258-086cea4960e9
3cfaff99-4d1b-483f-a258-086cea4960e9,f7e99204-74aa-4399-b72f-68efdd51fabd
89854baa-c75c-41a8-a1c3-a6469b9194a5,160ab2b2-8b63-4f3f-b143-ab5597808723
160ab2b2-8b63-4f3f-b143-ab5597808723,821bf623-a247-4118-8043-f06c3beb0177
223df019-5d9a-412e-a637-8043b851cfe3,9f035d8f-9175-485e-88ad-b7025ee3355f
9f035d8f-9175-485e-88ad-b7025ee3355f,4354a9bb-590a-407c-b45d-0d67a989da0e
9f035d8f-9175-485e-88ad-b7025ee3355f,5ba6f8b1-1601-4931-9739-927c3cc11559
9f035d8f-9175-485e-88ad-b7025ee3355f,28180120-cf1f-4389-8daf-1fcb3ece83cf
9f035d8f-9175-485e-88ad-b7025ee3355f,c9269c6a-5662-4786-ad8f-70c6591add5c
b611b427-67bd-49b1-b099-baefa69468c7,f4e8a3da-52c2-47ab-a420-d79c71e44d29
f4e8a3da-52c2-47ab-a420-d79c71e44d29,705102a6-a26c-42b3-a23a-7d4e370cafc3
f4e8a3da-52c2-47ab-a420-d79c71e44d29,c6f6925a-090c-424a-b58e-e1d0307db688
9bed5e27-a59d-4f78-8d93-ef6c496a7dff,93c33a22-4fe1-43dd-8c7b-d29a0bea2d4b
93c33a22-4fe1-43dd-8c7b-d29a0bea2d4b,bef6ac9c-a7e6-4da0-a6f7-cad6f97b8fc5
721e2d9d-2946-4adc-8161-bacbfed41234,af508f48-a4ad-4d6d-ba0a-54c048326908
af508f48-a4ad-4d6d-ba0a-54c048326908,1dc5e4c3-1cf4-451f-943b-791a3d30c6a1
af508f48-a4ad-4d6d-ba0a-54c048326908,348fb540-e414-4599-9c48-d181ae38e1f4
af508f48-a4ad-4d6d-ba0a-54c048326908,989aa61c-d6d2-40f7-8e6d-dc9a078470d0
60ee13f5-e303-4c6b-8f4c-9d4e2799b8d2,cffeacb2-db9f-441e-b669-aedee549cc31
cffeacb2-db9f-441e-b669-aedee549cc31,3ca6ea3c-50db-4918-823c-ae8a3f317815
cffeacb2-db9f-441e-b669-aedee549cc31,c29717ca-2c4d-4ccf-8c0a-43adda5e7f86
cffeacb2-db9f-441e-b669-aedee549cc31,288282bc-4164-4059-95a8-d09e842f12d1
cffeacb2-db9f-441e-b669-aedee549cc31,57fffbf9-eb40-49ea-baf8-c093809b66fc
4439e4b2-0ba4-46d5-a3df-da2af95219b7,c9be4ac4-57e1-43dd-98f3-ef498b0a50b4
c9be4ac4-57e1-43dd-98f3-ef498b0a50b4,b3b5adef-3ba4-4bb4-97d4-6e3d8557eb26
c9be4ac4-57e1-43dd-98f3-ef498b0a50b4,5519f166-c84c-4a65-8eb6-a5f492252399
c9be4ac4-57e1-43dd-98f3-ef498b0a50b4,9ce4ca9e-c26a-4ec8-9528-5b7ef81f67ab
17e76844-9fd1-4d16-868e-2d1624a9bd5f,0fa1391d-ef7e-43cb-bc87-d37802b7e94f
0fa1391d-ef7e-43cb-bc87-d37802b7e94f,c4a50939-eec2-469c-87cb-8fc728870560
0fa1391d-ef7e-43cb-bc87-d37802b7e94f,857e2094-0ef6-44b6-82f7-8e204bb48ffd
8c797627-7401-433e-ab67-032b2f63a59d,203a5bfa-632e-40d6-8420-62582be49848
203a5bfa-632e-40d6-8420-62582be49848,c5ec40ae-b816-4bfe-ba49-81a6795b9535
271e2adc-3ded-4818-8628-519e8a6c94e5,c2aecbbd-ec44-4c4c-84b8-7ffe29ce4b28
c2aecbbd-ec44-4c4c-84b8-7ffe29ce4b28,e726ec15-a9bc-46ca-b0bd-aea128f0f0f5
c2aecbbd-ec44-4c4c-84b8-7ffe29ce4b28,fff9ee4d-aacc-44ae-8237-274d641f20b5
c2aecbbd-ec44-4c4c-84b8-7ffe29ce4b28,fd15719b-c63a-44fb-a8d9-86f4fc34111e
0c44b234-2c5f-4c46-94b6-ca0208cb1e37,6f897f64-3134-4006-8a8a-f54d2b34c4e1
6f897f64-3134-4006-8a8a-f54d2b34c4e1,b2fd0046-1ae1-4619-89b0-8bde9510fd72
6f897f64-3134-4006-8a8a-f54d2b34c4e1,e4bb3d7a-39d3-4948-aabc-6fbaba2fed79
bb6a514f-bc07-4d3f-b9e7-1a1a30ab48d0,f208599d-8cb2-449d-a386-74eff66c8734
f208599d-8cb2-449d-a386-74eff66c8734,4d3c17ad-9587-4298-ac70-f9310d564443
f208599d-8cb2-449d-a386-74eff66c8734,27ee76b3-93fd-424a-9b07-36c9a4bc2955
f208599d-8cb2-449d-a386-74eff66c8734,780f1324-a736-4c90-aae4-b4df5f4ee943
f208599d-8cb2-449d-a386-74eff66c8734,b374feae-1f4f-483b-8ee9-cae883dc5e02
849ab15c-cbf4-443f-b537-60cda3d9cb75,c5f1499f-405d-4a4b-b512-6456665a97c1
c5f1499f-405d-4a4b-b512-6456665a97c1,617e33d2-838c-46d7-93b9-f30403c95442
d56e13cd-aef4-4866-a972-16511b4f638c,4e361aba-1016-40c4-acb1-5ac03aaaf0d4
4e361aba-1016-40c4-acb1-5ac03aaaf0d4,55f7f500-3967-4a46-8874-7c70ff0353be
4e361aba-1016-40c4-acb1-5ac03aaaf0d4,ba375e8d-169f-4c95-a5a2-862601985993
4e361aba-1016-40c4-acb1-5ac03aaaf0d4,7f071af2-d9a5-4198-937b-81473081fb86
4e361aba-1016-40c4-acb1-5ac03aaaf0d4,980fcdde-8967-402c-89ca-f2d3ef23a719
fbfc7e8e-2783-4e2b-ab2f-ae102a5d03de,a88c04c0-1d3a-4f01-ab2f-e9462788d3a9
a88c04c0-1d3a-4f01-ab2f-e9462788d3a9,f0e3f0b3-b73d-4674-b6a4-87517c71aa17
a88c04c0-1d3a-4f01-ab2f-e9462788d3a9,3896ecc0-085c-40ba-83f0-bcfeb44410f9
a88c04c0-1d3a-4f01-ab2f-e9462788d3a9,0fc0fb19-0471-47bd-9564-fb8e125738ad
a88c04c0-1d3a-4f01-ab2f-e9462788d3a9,91cf13ea-c1b8-474f-8c21-fd44625d38f5
356713f6-c6ef-4b55-aa3e-39a9ad387398,fe793b4a-c170-4b85-843e-574a62da9741
fe793b4a-c170-4b85-843e-574a62da9741,b45df054-83f3-4ffa-ba85-95ebd3133c9b
fe793b4a-c170-4b85-843e-574a62da9741,43a091e9-ae27-4efe-a60e-9e3641f434dc
fe793b4a-c170-4b85-843e-574a62da9741,19859f2a-ad3c-4fa1-9342-30fea0820989
774ec214-7fce-4967-a489-23c6206dc339,9cd5baa7-8787-4210-9079-aa97b2e17b3d
9cd5baa7-8787-4210-9079-aa97b2e17b3d,103ea46f-cc5d-4e47-93b4-51684a06ec52
9cd5baa7-8787-4210-9079-aa97b2e17b3d,ab9f0449-06f8-483b-9fa3-f457b35456ab
9cd5baa7-8787-4210-9079-aa97b2e17b3d,c7523f8a-2216-4332-b34c-419609c7bc3d
616274bc-28f9-489b-a644-c9b0cc552fcb,6dedcb27-d30d-4a73-ab69-677b87c12d6f
2cdf42db-69f1-44eb-8ed0-053bca7cd87e,de159af6-d07b-4660-8419-ce74e68e4bf7
de159af6-d07b-4660-8419-ce74e68e4bf7,5146e763-f922-424f-98a4-cae975958ab3
de159af6-d07b-4660-8419-ce74e68e4bf7,87c05c89-c960-4dd2-9bc7-8bed55b27f5a
de159af6-d07b-4660-8419-ce74e68e4bf7,28664f15-fa16-4e5f-82af-712a8a5491e4
b2c28a72-ac52-4169-9cf2-74fd1c3023e3,202468d7-edd7-4aad-a7f7-5f41d295d2f8
202468d7-edd7-4aad-a7f7-5f41d295d2f8,3a5b2012-0a14-465c-a930-4012c42ad42a
202468d7-edd7-4aad-a7f7-5f41d295d2f8,e26fb766-e576-4929-bdee-ea1cce289545
202468d7-edd7-4aad-a7f7-5f41d295d2f8,33e01951-60bd-48c7-8654-273c8b75167f
219b6179-406b-4d9c-b445-533053e8e347,8a9c79fb-dd4c-4ad6-96ab-dd7ed48639b2
8a9c79fb-dd4c-4ad6-96ab-dd7ed48639b2,d8b0bd51-4e23-462d-89aa-b77a531d7209
8a9c79fb-dd4c-4ad6-96ab-dd7ed48639b2,fcfd16db-bb39-4157-b49d-446e0634af59
8a9c79fb-dd4c-4ad6-96ab-dd7ed48639b2,d3ef0d6c-ee05-47eb-aea2-7e5e4441fd00
11dfe445-2944-4ed6-9a0b-966b9bac212f,f75b9ca9-25b0-484d-b58b-1052177896dd
f75b9ca9-25b0-484d-b58b-1052177896dd,93961bd5-ae40-4948-a2fe-4a8db518884f
f75b9ca9-25b0-484d-b58b-1052177896dd,0137fc52-873c-4837-9ba0-4a2854db8b71
f75b9ca9-25b0-484d-b58b-1052177896dd,d8f587de-498e-4b09-8918-b88d91538f14
1e5d309e-10f5-4eaf-93bc-913e243c4d60,ca36d78c-d5ae-494f-8919-ed390df759e7
ca36d78c-d5ae-494f-8919-ed390df759e7,76c4abda-d58d-49c8-abaa-49af60625bb5
ca36d78c-d5ae-494f-8919-ed390df759e7,eae2076d-46a9-4b09-8dd5-8547220a5190
ca36d78c-d5ae-494f-8919-ed390df759e7,d50ec1f3-d8e0-4e7d-839e-704f1806fef1
ca36d78c-d5ae-494f-8919-ed390df759e7,568e7a90-9909-415a-8374-9adb5d8103d3
f7739055-bec4-4b20-988d-6f6965e5b2b3,1f1d5f9b-ff47-4956-ba55-cfa5c09de93d
1f1d5f9b-ff47-4956-ba55-cfa5c09de93d,0a2d6224-44fd-4828-a466-1873b5f9e0ce
1f1d5f9b-ff47-4956-ba55-cfa5c09de93d,d976dceb-e441-448d-946f-fb1195ff7887
1f1d5f9b-ff47-4956-ba55-cfa5c09de93d,aeda04d5-3bfb-48f2-aad0-1c81608d12b9
caabfbeb-1a1c-44fe-87f4-6082f7a40632,a141c509-2873-418e-83ea-a2c306d26737
a141c509-2873-418e-83ea-a2c306d26737,52f29a51-009f-4234-99f1-2712f9f308d6
8e3810c9-673f-4d08-b123-0903dd949bd1,226b8111-5139-480a-9e15-38ba0035ab9c
226b8111-5139-480a-9e15-38ba0035ab9c,220ef9b5-d987-45d8-974e-ea4377d8b17c
226b8111-5139-480a-9e15-38ba0035ab9c,408e2169-b8e4-4dde-ac08-31b220ff4886
226b8111-5139-480a-9e15-38ba0035ab9c,3f855499-3264-4493-9db1-eec6f76c190b
226b8111-5139-480a-9e15-38ba0035ab9c,3559bbe2-0ecb-4741-8c9a-4888488ccb2f
83a13e77-9e60-4305-8773-258af7a3a10d,16716c51-853a-4743-84ee-f8c02ed79ae4
16716c51-853a-4743-84ee-f8c02ed79ae4,311882ac-60b9-45b0-81a9-84a96c328df7
16716c51-853a-4743-84ee-f8c02ed79ae4,2f2eacc8-f475-45d0-8a5d-a45f22da38ea
16716c51-853a-4743-84ee-f8c02ed79ae4,7cadfce7-6286-4045-8f9c-8a8a3a923a62
16716c51-853a-4743-84ee-f8c02ed79ae4,13e5e98d-8cb0-489d-a312-c9cee8cd8ffa
69f02e3b-691c-4458-84bf-7d921d7d7893,c01178fa-0fec-414c-be36-58bc58dfcf24
c01178fa-0fec-414c-be36-58bc58dfcf24,5a6645d7-003b-4cb9-8073-7ee6a4684fc8
c01178fa-0fec-414c-be36-58bc58dfcf24,6adbb02c-a0f8-491a-a6af-c143e9366e70
c01178fa-0fec-414c-be36-58bc58dfcf24,f6cd328a-7e9c-40d9-ac97-daf80b74c030
c01178fa-0fec-414c-be36-58bc58dfcf24,6fa02a49-8ba3-4f3b-b39a-4156d0e26ee2
2e327c8e-9963-459d-b736-2570317e8b77,af052d1b-e660-4cd0-9b57-207808e53307
af052d1b-e660-4cd0-9b57-207808e53307,cdb30a4d-93aa-4006-9483-aae3fc70f7e2
8acb293b-3cee-4e64-9ea4-faf81475340d,d3c2125b-3c55-4c30-b666-6c515592fe37
d3c2125b-3c55-4c30-b666-6c515592fe37,74371f4f-3386-41ea-b800-b071cca15f7b
d3c2125b-3c55-4c30-b666-6c515592fe37,de4151d0-b856-4916-99e9-1ddbc6dc93dc
d3c2125b-3c55-4c30-b666-6c515592fe37,2752d2bc-c75c-4e35-9108-29bc8ad7a534
82cdf0c1-213c-48a7-9bee-784e8ffda8ea,f6cdf016-3700-4934-b671-e187b3506f14
65edd257-ce9d-481a-bc2d-cb56f7b1a088,434e8b86-80c3-4feb-b082-25a4febfc64d
434e8b86-80c3-4feb-b082-25a4febfc64d,079f679d-5ca7-4b02-b867-01580ea5206d
434e8b86-80c3-4feb-b082-25a4febfc64d,cdb2744c-49df-4a86-bfa1-7cd706e081dd
434e8b86-80c3-4feb-b082-25a4febfc64d,c58bda98-d83a-4a89-85d6-c26df7c8bd6a
434e8b86-80c3-4feb-b082-25a4febfc64d,1534095f-7522-401a-bca3-c9f3fc9aa218
2d6d916b-2eca-43d0-80f5-aed2d73b0df0,07f0c488-204d-4ce1-a4a1-cfd3fd862253
07f0c488-204d-4ce1-a4a1-cfd3fd862253,32628e42-c460-450c-ae09-253cc142b457
b438876e-df84-44e9-b9e9-b628b70f91fb,11e44eca-5e1e-47b8-b7b8-74b146266511
11e44eca-5e1e-47b8-b7b8-74b146266511,f56a8530-34fa-4769-beab-28a689d819d2
11e44eca-5e1e-47b8-b7b8-74b146266511,b8c7142c-fb03-45af-9ed6-39e71563e1a1
11e44eca-5e1e-47b8-b7b8-74b146266511,4e02a219-059e-4ecc-bcaa-f75b67ba4d21
11e44eca-5e1e-47b8-b7b8-74b146266511,93e2f993-4049-480f-bb2a-b6a5566020fb
9f4cb73f-cd10-4bca-9073-124e5f1326d6,cb14c6e3-28c8-40fb-98b9-4804688d5f85
cb14c6e3-28c8-40fb-98b9-4804688d5f85,c8bd0155-5ca1-44be-8b96-b39afa43fbf7
d4c1b697-9de0-4313-8307-f097e81f1f88,94e58adc-0295-46b2-8101-47b6cd457b40
baa2dc9a-bc0d-4226-9e6b-224892b602c6,0a05e44e-4f5f-4b75-87a9-e2ff0f5c7a7a
0a05e44e-4f5f-4b75-87a9-e2ff0f5c7a7a,f217016c-f1ef-4a46-9dce-cb7f833fb7ce
0a05e44e-4f5f-4b75-87a9-e2ff0f5c7a7a,34f51227-3880-491b-84ff-aa757f425697
0a05e44e-4f5f-4b75-87a9-e2ff0f5c7a7a,17097ce8-32e9-46c7-bf05-dc52048cf7fa
0a05e44e-4f5f-4b75-87a9-e2ff0f5c7a7a,247a6f38-8431-4cd7-a123-bf137270b70a
a0e81532-db27-477c-9664-94385f541756,1bc9366c-9794-4949-a7a1-0f02b93bc8cf
1bc9366c-9794-4949-a7a1-0f02b93bc8cf,a0df4003-5f95-492d-baa8-dda8e487103e
1bc9366c-9794-4949-a7a1-0f02b93bc8cf,9257623e-e697-4d73-ab93-4245efdc28ec
1bc9366c-9794-4949-a7a1-0f02b93bc8cf,6eb14aa1-4329-4061-991d-b15e1dbc8971
229901a8-931d-43c7-84fe-66211f28bd51,7959619c-1824-4b76-b6e1-d163246bbae6
7959619c-1824-4b76-b6e1-d163246bbae6,af5e3221-5b1c-4ff1-8a0a-b68869cf3212
7959619c-1824-4b76-b6e1-d163246bbae6,168d7648-6840-4841-8bc2-9eda0ffe0f2a
7959619c-1824-4b76-b6e1-d163246bbae6,9da02100-0934-4a66-967d-f469c697a2a4
7959619c-1824-4b76-b6e1-d163246bbae6,d85bd8e1-10f1-4f97-994c-424d634c87a3
18d01966-4cce-48ac-b4ff-0d576e3a977d,4320045c-dd3b-4032-904b-744fcb481328
4320045c-dd3b-4032-904b-744fcb481328,d5b589c6-353e-4140-adbb-acc4fb5538a7
4320045c-dd3b-4032-904b-744fcb481328,713e9e5a-fc92-4416-b662-cc53842b990a
4320045c-dd3b-4032-904b-744fcb481328,94a34017-cf10-477a-bdbb-6c933564e534
f399dcc7-c703-443a-9b35-ecfc6a72a3da,ecfe3ebd-bd38-4b10-9fbd-24c2fc97e152
ecfe3ebd-bd38-4b10-9fbd-24c2fc97e152,bf1f13fd-5347-4126-85a5-eb17462118d7
ecfe3ebd-bd38-4b10-9fbd-24c2fc97e152,d79217a2-f6ed-43c1-af36-5d3666520224
ecfe3ebd-bd38-4b10-9fbd-24c2fc97e152,472874a8-6d81-40c5-9c7f-48bcc67cd43f
ecfe3ebd-bd38-4b10-9fbd-24c2fc97e152,46a445b4-641d-45a3-a441-f39e18c07de5
15417378-ecd9-42ac-849f-d85faadbdb46,cf84cd4a-c901-4382-b358-2cda41da9e16
cf84cd4a-c901-4382-b358-2cda41da9e16,ca759a96-129b-4b4a-a4d9-ce0e858fe367
cf84cd4a-c901-4382-b358-2cda41da9e16,3778ee7a-8d94-4029-bd07-28134ca22386
cf84cd4a-c901-4382-b358-2cda41da9e16,e096c4e5-a430-4177-be00-83395907474d
cf84cd4a-c901-4382-b358-2cda41da9e16,dacf3c32-5009-4249-a068-2df0ecc843c1
4a469959-d5ab-4f27-a830-e57ea1ebd3e1,013742d1-5501-48e2-b3e2-7043c8eef0b5
013742d1-5501-48e2-b3e2-7043c8eef0b5,7e597de3-c27d-49af-9929-49637298d276
8581749a-e5b3-40d2-8665-2cdeddb74871,38bc7e68-24a1-4955-a81b-dd436ae6557c
38bc7e68-24a1-4955-a81b-dd436ae6557c,c9b5c7cc-a587-4a2f-8f95-62d231a43ce4
38bc7e68-24a1-4955-a81b-dd436ae6557c,badb0784-7ef4-4dca-b0e9-86c2aa117d31
38bc7e68-24a1-4955-a81b-dd436ae6557c,18f3ed91-2117-4b97-aefc-b8c4b13eba77
38bc7e68-24a1-4955-a81b-dd436ae6557c,5518f664-857f-4157-85cd-330d237d7ccd
f37dd453-f7e0-48c0-8a79-965d56fafbdf,be35f93a-18df-4231-bd22-1a342e17a35d
be35f93a-18df-4231-bd22-1a342e17a35d,85e208a3-3831-444c-a015-616a987675cc
be35f93a-18df-4231-bd22-1a342e17a35d,3c271397-2464-4446-b9c7-3f0884c530bf
be35f93a-18df-4231-bd22-1a342e17a35d,39f0a8b1-0681-43fa-85a0-5b4143c22d9a
9316b565-3de4-4ea7-b7e4-37349678d941,3dcdf02b-a22b-42a1-8ac7-b31fbdfcd5ab
3dcdf02b-a22b-42a1-8ac7-b31fbdfcd5ab,87bf4af5-8787-40ac-a19e-abdcdfacf992
3dcdf02b-a22b-42a1-8ac7-b31fbdfcd5ab,7651b204-bf22-4b22-abed-6b4eb0da1032
3dcdf02b-a22b-42a1-8ac7-b31fbdfcd5ab,0c5a7d67-558e-4af6-b0e2-70d5bd38a1bb
0ba30558-9aac-4b82-925f-3d48d83c4856,d7ef83e8-bd76-4449-b850-46f3b4bf49c5
2b16e81f-033d-453f-891d-aa91643d4ad8,7d7f59b2-e717-4734-9b68-e4be532462ea
8dcd7049-9b0e-4585-8b11-33d116fc5c00,8db480d0-f657-4c97-a85e-41abb5ec28e5
8db480d0-f657-4c97-a85e-41abb5ec28e5,10097e85-fe5b-485a-8f60-439dd1efbb89
8db480d0-f657-4c97-a85e-41abb5ec28e5,661f1df9-e7ca-4cba-92f8-57f79680c987
6c3ffea0-0e12-46cd-8960-67b6b8f12be9,b5643d41-ee9a-4173-b72d-b6bfacc31e6d
b5643d41-ee9a-4173-b72d-b6bfacc31e6d,f3646a74-86af-4466-8787-f1285dc842d5
b5643d41-ee9a-4173-b72d-b6bfacc31e6d,6ad063c3-db55-4745-971f-aa7ea1816e3f
25c6fd96-7fa8-4932-9202-b755b5abcb29,501b5d38-44fa-4904-84bd-6a651885b782
501b5d38-44fa-4904-84bd-6a651885b782,1dcd9524-3326-4228-813e-0c6db79372cf
acefeb5d-d7d3-497d-8cf0-374bf5f8cc3e,6e7e3ec2-453e-45c1-985d-45aa03116d7b
6e7e3ec2-453e-45c1-985d-45aa03116d7b,9a34906c-9204-4fe0-9a30-36a7ecec8e41
6e7e3ec2-453e-45c1-985d-45aa03116d7b,9cd0c7c3-119a-4319-a128-7cedc042cdcc
31a8da74-d379-4935-a313-7bdc4dc4c53a,5a61b28c-912a-4330-bc33-3d0419e639a3
5a61b28c-912a-4330-bc33-3d0419e639a3,97336534-d502-4d8c-b757-bbe350151b63
dcd3709c-5b44-4352-92e6-8238de912d70,437ad928-be5f-4781-9568-6a1a36761018
437ad928-be5f-4781-9568-6a1a36761018,e4b0c94d-d9d7-4cd0-9bee-4896fa692c61
437ad928-be5f-4781-9568-6a1a36761018,e9a820c8-0e18-4d59-9272-5594cbe8d7cf
437ad928-be5f-4781-9568-6a1a36761018,240f4940-6ba6-454d-93e5-fdee4c7d6aef
437ad928-be5f-4781-9568-6a1a36761018,0521d630-f50d-4089-9269-568ea070606f
f5c1472b-4c1b-44c8-bf2b-e93a12839926,44994d1d-e327-4dab-b3c3-43733a014651
44994d1d-e327-4dab-b3c3-43733a014651,8176efe7-98d0-46a1-bf7b-2b9c72a11019
44994d1d-e327-4dab-b3c3-43733a014651,ecdab5f0-00dc-496e-850a-20b2188157f0
44994d1d-e327-4dab-b3c3-43733a014651,c4868e17-54c0-4056-9650-1e67002b8b75
8edceea8-b913-43c7-a2a7-e2e6a43c826a,3ec3a8ff-1738-4b79-8835-246a55dc9b04
3ec3a8ff-1738-4b79-8835-246a55dc9b04,c7e39619-510c-4322-9b7b-6c624c537c14
302603d9-8bab-4316-9a1b-317619834072,619a68ab-4b97-4d1c-8ce6-1a185c63733d
619a68ab-4b97-4d1c-8ce6-1a185c63733d,cd0efc3e-d24f-4961-9485-0431525f4d71
e2490cb2-ca2c-404f-968a-17a2eefd4fd7,0e4e3d81-8d87-4b4e-b9cb-95e66e2b3c20
0e4e3d81-8d87-4b4e-b9cb-95e66e2b3c20,f7774f07-e16f-4f01-9008-7b5e36eded6b
0e4e3d81-8d87-4b4e-b9cb-95e66e2b3c20,b70975b6-8c9b-4ac6-a953-5c091c7349ff
0e4e3d81-8d87-4b4e-b9cb-95e66e2b3c20,ec2185f2-30d3-4d6a-b045-9335e6e7e902
63311a72-17e5-4426-8a18-f24447858c11,b9741237-c7b0-45d3-95f6-5aad6307c5e5
b9741237-c7b0-45d3-95f6-5aad6307c5e5,435c8714-dcfb-4a1b-a81f-8111a1595d3a
b9741237-c7b0-45d3-95f6-5aad6307c5e5,e698ed8f-48f9-4209-b161-747c48274d6c
b9741237-c7b0-45d3-95f6-5aad6307c5e5,cea029ec-eaba-4fb7-bbf1-292bf0c97cab
b9741237-c7b0-45d3-95f6-5aad6307c5e5,09680eac-0aeb-4e73-85e7-e9fca6ac396c
880f2043-9fe2-4c9c-90d0-69680ac1ea0b,8baf91f3-ccfc-4c54-b2f1-99d6dff04a02
5410adc4-61db-4f4c-99d7-9daf1a1b089e,402f0110-1d31-4f1f-8329-113b5e40496a
402f0110-1d31-4f1f-8329-113b5e40496a,d09e107a-2c27-4118-9d5a-e3d71452c9d3
402f0110-1d31-4f1f-8329-113b5e40496a,596d1b65-be6f-4a8c-91e2-f5645ae3d2a2
402f0110-1d31-4f1f-8329-113b5e40496a,b727f7e0-88ea-441a-9157-5b03a3fab39f
461e0437-1bac-46ee-bd84-a4cd47cb534d,29af53e1-8201-4dfa-8f44-eaff4aa8fa65
29af53e1-8201-4dfa-8f44-eaff4aa8fa65,04567a2e-2c9c-4856-aebd-515b971f3359
29af53e1-8201-4dfa-8f44-eaff4aa8fa65,c21484bd-3f96-4987-b724-4f4d3c08cc8b
29af53e1-8201-4dfa-8f44-eaff4aa8fa65,654de16b-afe2-476c-b503-ae1ecf9531ff
1512c5d6-d63f-462d-a513-2b194a8321e6,c970a6f4-6960-4adb-8135-644d0d499eb8
c970a6f4-6960-4adb-8135-644d0d499eb8,5818131b-e399-4583-ac4e-7c468ce68934
c970a6f4-6960-4adb-8135-644d0d499eb8,c2261803-8129-41c1-9eff-941e3b94e784
c970a6f4-6960-4adb-8135-644d0d499eb8,be5c88f6-cd10-4a59-a3f6-bffd55b84776
c28007f8-a9b1-4258-ae62-6494688c861e,1967f141-da48-4aa6-b4dc-8afeca375e7b
1967f141-da48-4aa6-b4dc-8afeca375e7b,6137076b-349d-4ce5-9a9f-de2bcdde7d0d
1967f141-da48-4aa6-b4dc-8afeca375e7b,ce23e76e-d397-40d8-8fdb-b2218a391675
f68922b9-9506-4794-921c-1b1ae0bf3514,bcb9db13-ef23-4a92-b3ed-20dd886a8104
bcb9db13-ef23-4a92-b3ed-20dd886a8104,47ded79e-009d-4654-811e-c2a783df4be7
bcb9db13-ef23-4a92-b3ed-20dd886a8104,5a4c2e6b-fde1-46e1-9a57-b19d43fdb0c0
bcb9db13-ef23-4a92-b3ed-20dd886a8104,469953df-b40a-47c8-83cb-cb1179d7246b
bcb9db13-ef23-4a92-b3ed-20dd886a8104,43412307-e042-4f67-bbab-89e2d287e9e4
221baf05-f998-4147-a481-8bad2d3f2b11,1134f8c6-d8bf-47c0-8c4c-64d2ccf00b09
1134f8c6-d8bf-47c0-8c4c-64d2ccf00b09,5383625d-c90a-4ef7-8136-bd9cdaa40d63
1134f8c6-d8bf-47c0-8c4c-64d2ccf00b09,4288cb28-60d1-46f2-8d00-c66d666a7b85
1134f8c6-d8bf-47c0-8c4c-64d2ccf00b09,aab7428e-fc1a-4572-81b9-d9ca64b78465
d8d61139-1dc8-4f98-a021-3abf01805d33,00ad8088-aea4-4919-a58b-ffe06c159f9d
00ad8088-aea4-4919-a58b-ffe06c159f9d,45ad9cbd-b4c2-475a-a105-57f5ad5202b1
00ad8088-aea4-4919-a58b-ffe06c159f9d,edd0820c-e130-4938-98f0-f19c23a5df87
00ad8088-aea4-4919-a58b-ffe06c159f9d,771757d6-ee90-4c8a-b99c-ba0c5ac7c4f4
45092f04-3741-4639-94e4-96907efd8cf5,69219f7b-2f2b-428f-a44a-a49f7e10bd7c
69219f7b-2f2b-428f-a44a-a49f7e10bd7c,969ca66e-4fef-40ac-b0b3-d3e25042341d
69219f7b-2f2b-428f-a44a-a49f7e10bd7c,1a1140c6-5145-48b4-b2dd-260095d05c69
69219f7b-2f2b-428f-a44a-a49f7e10bd7c,2069f1dc-2656-484e-ac7c-59a265ad7b46
55f2cdfe-cc87-4b6b-a7b3-a86b0b684f67,156cbfd0-5bf8-471d-8b1a-38a1bfd0b72b
156cbfd0-5bf8-471d-8b1a-38a1bfd0b72b,ad4c76d4-9543-45f2-91dd-76e047d7a71b
156cbfd0-5bf8-471d-8b1a-38a1bfd0b72b,ad0049a3-a318-4c13-a6ec-30cd41d4e84f
2e18999a-309c-4ece-8798-ea3488f2f0c3,609b6a1b-37b2-430b-aa09-507fdad617d9
609b6a1b-37b2-430b-aa09-507fdad617d9,8e2a513b-135a-4e49-a6e3-0f493122bc38
609b6a1b-37b2-430b-aa09-507fdad617d9,282fa7b5-c394-443a-8f65-94ef5588a869
3346b62e-80a2-49f3-9957-db95d67f0d6f,53ddb9b5-f887-4a29-95ab-1a909cb786b3
53ddb9b5-f887-4a29-95ab-1a909cb786b3,db0f21aa-023b-46f4-b5d0-65b04e035994
53ddb9b5-f887-4a29-95ab-1a909cb786b3,a591cc8f-b693-4c28-8e5f-1837177743b6
53ddb9b5-f887-4a29-95ab-1a909cb786b3,c8d39ba1-976d-4b0b-a04d-05072fb2e8b4
e5703be9-b791-482d-a64d-52b6fe7413e5,96a8752e-7128-495e-8b99-e2a2e4bb000e
6e16d990-abff-488b-8936-34ffa6eeb102,5b5f071a-9c70-46d3-b302-01706929140a
5b5f071a-9c70-46d3-b302-01706929140a,7696543a-c9ea-4e60-ba5e-89f0ac3b6e23
5b5f071a-9c70-46d3-b302-01706929140a,fa1d2634-0138-4fb6-8eba-ffdefaaf942b
5b5f071a-9c70-46d3-b302-01706929140a,d5022dbc-6128-425a-af06-1b865ce7335e
ad4bb58e-eeb6-4646-8d49-51aa31910210,38b66c6e-558e-4997-9deb-b50364b56542
616cf3fb-73f7-4b96-af51-6217b9f9dca9,f61237a7-e576-4145-a04d-79cfa50140a5
f61237a7-e576-4145-a04d-79cfa50140a5,20cdc0fa-a257-4fc6-a215-636ea72fd8a4
f61237a7-e576-4145-a04d-79cfa50140a5,946cbde7-b9d9-412d-a783-7a4f278ab713
f61237a7-e576-4145-a04d-79cfa50140a5,25ef54f8-a334-4e61-81b1-7c2354acbee3
6a85ce2a-f9bd-49a0-bdc4-55cec8c00ea5,3d5a77d0-9332-436d-ac34-2d8383679650
3d5a77d0-9332-436d-ac34-2d8383679650,861a7d7e-744a-412e-a6be-6380efadabba
3d5a77d0-9332-436d-ac34-2d8383679650,d9dd69ab-1a07-4d99-b11f-a19cbc2b7395
3d5a77d0-9332-436d-ac34-2d8383679650,d608bd40-6012-42c9-919f-4e248fe2675c
3d5a77d0-9332-436d-ac34-2d8383679650,25a3d790-08db-4af4-a553-b61034e46d0f
a6bb9c42-0c86-41db-8a13-889107dd5690,880fc2ef-c874-4269-bca0-5a94b014ba21
880fc2ef-c874-4269-bca0-5a94b014ba21,d4eba117-7838-4b5c-b18b-7fbe984fa657
880fc2ef-c874-4269-bca0-5a94b014ba21,f04c7df4-176d-4184-b3f4-19ffc3ad5c2b
880fc2ef-c874-4269-bca0-5a94b014ba21,c6ed4bf8-9486-4d05-a6ec-d6a256639f30
da5f1b2d-d8b4-48ac-b3d7-a1ea8b15081b,7e8c0c69-8075-48bc-93d6-0f3561260c63
7e8c0c69-8075-48bc-93d6-0f3561260c63,178c2d5a-e56d-4e77-9338-a1484ec575fb
9d39f081-da10-4767-9005-318e3d6cf837,812501b5-3c9f-4927-8a20-5f3f1b00c428
812501b5-3c9f-4927-8a20-5f3f1b00c428,c61527c1-620a-40fe-a3e0-bdacd57c42b9
812501b5-3c9f-4927-8a20-5f3f1b00c428,36aa8f92-f2bc-47ed-82c3-29b331153597
812501b5-3c9f-4927-8a20-5f3f1b00c428,6b432f54-71a6-4627-8ec4-54b2b7967e4c
812501b5-3c9f-4927-8a20-5f3f1b00c428,aaabf0a5-56d7-4867-b36b-82a2512702c3
a0c166ad-a492-4de8-9ac8-51a2e5474ca0,546ac72e-245e-4431-9dd2-dd8b9b61fe81
546ac72e-245e-4431-9dd2-dd8b9b61fe81,d5f3c15b-5168-4ab8-8840-821ed1ba5fb3
be4b1902-0ace-4141-a3fe-8477528f01e6,6e3c1fe4-860d-437f-88f5-057f0f864cf7
75757ad0-6402-4c62-97bb-b772590d6671,b3db518a-3243-4db2-9948-8f7e027b137a
b3db518a-3243-4db2-9948-8f7e027b137a,9a41ceec-ae31-44fd-a373-0d6077878dbe
a1e94948-875e-4522-b7c5-def369012029,088c38ec-4830-44b7-886a-ca0b41fa2698
088c38ec-4830-44b7-886a-ca0b41fa2698,2f86488c-442a-4934-9f14-b7e213dd2add
19cbaa5f-3b2e-4043-a951-29717824fcf7,e66ab6f1-0c3d-4f33-8dce-03c636cf3dad
e66ab6f1-0c3d-4f33-8dce-03c636cf3dad,bb0fe0d0-831d-4af6-8ad6-e7145218a166
e66ab6f1-0c3d-4f33-8dce-03c636cf3dad,6ca3a052-91e5-4272-a7bf-fccb872a0384
e66ab6f1-0c3d-4f33-8dce-03c636cf3dad,f78ccb6e-f0a2-4089-8516-7ea62501c53f
e66ab6f1-0c3d-4f33-8dce-03c636cf3dad,1ca185f1-eaac-4807-a5b6-d205e1ab4c65
bc258228-272e-4d0e-8f3e-4bee41b699ec,a90764d2-e5fb-4a1a-aa24-e9bc0cd06d42
a90764d2-e5fb-4a1a-aa24-e9bc0cd06d42,4f7732a5-c43a-4c96-9cef-b0edddc1a00b
a90764d2-e5fb-4a1a-aa24-e9bc0cd06d42,8facd1a8-8d11-4070-824a-023e04202d2c
a90764d2-e5fb-4a1a-aa24-e9bc0cd06d42,20d9bbde-c7dc-4481-8373-9f390cf8611f
501aeb17-9ec0-4ae5-b366-ea37251c2633,6ecec655-018e-487f-bcdd-9f8b0b746359
6ecec655-018e-487f-bcdd-9f8b0b746359,cc439d05-62c0-4ecc-9fc3-8299a32ec32f
5e00fb06-7d26-48a4-91a1-8fc273856315,7e81ebda-bb97-4e93-b3db-b4df5b020dd8
7e81ebda-bb97-4e93-b3db-b4df5b020dd8,4883ce59-9844-4fb7-92eb-62b981a5276c
7e81ebda-bb97-4e93-b3db-b4df5b020dd8,d27d9fc9-4e75-4332-9639-48b2cbd8c8ff
7e81ebda-bb97-4e93-b3db-b4df5b020dd8,15e09dff-bd07-4551-b52d-197088073865
7e81ebda-bb97-4e93-b3db-b4df5b020dd8,e8be283f-4fe7-4369-a8df-2df53e40392c
71382520-ec9e-4dbe-b89b-2851d81bb333,f3ca15f1-0e11-4a7c-a818-4675cf7faa3a
f3ca15f1-0e11-4a7c-a818-4675cf7faa3a,5a46eacf-6584-4dd0-96a2-96469e338829
f3ca15f1-0e11-4a7c-a818-4675cf7faa3a,854cb696-7965-4348-9777-14d06e3f1748
8caf863c-ea2e-47d9-954b-7b220a01f486,1fa0d4ba-32d6-458b-95ae-9cd9e919c34d
1fa0d4ba-32d6-458b-95ae-9cd9e919c34d,3e54da54-dc6a-41d3-a227-6699e673d5c0
f911e786-deda-4491-af8e-be4fbbaa552c,41926010-44d3-44e0-a337-7be0cf4fb416
41926010-44d3-44e0-a337-7be0cf4fb416,079e3da2-c35a-4963-a9a8-b466ce407a5c
41926010-44d3-44e0-a337-7be0cf4fb416,f0ccaee6-d693-4af8-91c1-3df461d447b6
41926010-44d3-44e0-a337-7be0cf4fb416,2402e02d-d898-4e8a-bc39-6e25c3704d15
15702648-1889-409f-8daa-82980e6754eb,84a1b022-a5b0-4ebf-bc2d-042895ed9ec2
84a1b022-a5b0-4ebf-bc2d-042895ed9ec2,4945803d-e9dc-4fbf-b1bf-978c801486a3
84a1b022-a5b0-4ebf-bc2d-042895ed9ec2,1a15b545-6075-4bd7-a302-1a9ab0c95d5d
84a1b022-a5b0-4ebf-bc2d-042895ed9ec2,f58c73a7-84e9-4b16-9077-8c0630a01aa2
93776500-cc7f-4eb4-ba18-f8da42272bc4,0f9cef67-d1a7-496a-9821-d0e794bff7fd
0f9cef67-d1a7-496a-9821-d0e794bff7fd,e982387f-7849-4121-84fb-48ec17c64c74
0dea016d-d13e-4106-be4b-44e26474221e,7ae75316-67a2-4190-b2c8-7a7616e2ce75
cf6e95db-aca0-4c49-a323-736e8054921f,cd9f2dd4-6a46-443d-bc62-217f5a9ce311
5571c8e3-664b-4bcd-ad3f-717d5a9c4055,b4c87f11-2ee0-4bc5-9340-911bcbc03f47
068bd59b-02c8-4cf7-ad18-3ce30b98550a,9882a137-05cd-4098-8915-dc3b06867419
89eb58d2-5d3d-4350-81cf-40a644973c61,0c9c9503-df4b-4ec2-8021-a4e5d5a5bf2d
feafe248-c08d-439f-9fac-667c8018ac45,bc4b0ddd-ec92-4857-a2ba-601907cc9d16
bc4b0ddd-ec92-4857-a2ba-601907cc9d16,edba8843-40d8-4dc8-8231-d95b48a4ada1
9d77d7de-9343-41f8-a072-e08f0feaef31,86500f1a-ee3c-480a-8ec8-214deb4d3846
aef55b83-3e40-4061-830e-a6fb65c3fe10,36de545a-ad8d-44fa-87f2-0e529d7f6556
36de545a-ad8d-44fa-87f2-0e529d7f6556,04b6653c-b644-412c-87f6-b131fb07b977
fd95a3c3-c45c-4619-a419-fec9fd9892e9,98baa899-492a-4c10-83f6-4eaf214000ba
f7a202a2-61b8-470c-b27b-6413a87a5323,8a92bf29-ac95-48ae-bfb5-0bf74c2a5738
8a92bf29-ac95-48ae-bfb5-0bf74c2a5738,818514e8-bad2-49c0-b632-9602d3c9a263
4c97864c-5b73-4ec4-8e92-cf4999fa0c81,cd13555e-31d0-4947-9a1e-1456394324f8
91dd4baf-d85e-44ff-b07a-a9531cd4eedd,0406e307-cafd-435f-a3b8-7988ff569097
69262086-5d1d-4f77-bf09-d57006d24f2c,3dd7f13c-b2fe-4233-91ab-532a21912099
1b1294b9-81b0-47cd-8363-32bca4344974,4d622801-d6ac-42ff-a32a-4354f0f0881a
c5925e23-76e6-453b-a161-46c227e25349,da0b4650-00b5-4240-a248-b3dea8f4e718
139e105d-1032-4f3e-a23e-63a68e4f1bd4,e3db5128-39cd-4ef8-8c42-3cbec169f63c
e3db5128-39cd-4ef8-8c42-3cbec169f63c,9694b98b-4ff5-4ab3-b4fa-a23308474e55
c80040fd-8ace-4902-8854-9ba4673bfb57,567f044e-628e-474a-aab1-1d1f1219bd9a
8ebe56a9-39e8-4ba0-89b2-e32eec6db4b2,05c7fd41-d3f5-424e-8a55-71410a088d47
d2774cef-520c-4692-bc1c-e084082e1ccd,e1783c9c-73f4-4919-a9ae-531dd2f60298
e1783c9c-73f4-4919-a9ae-531dd2f60298,8ca7e2fe-f8ea-4ad3-a6a0-83dcfbd49c1d
6d5549b6-7b55-45f2-9a79-aa1dab823b09,febe9170-48fe-4d7c-b8e6-0fac0bc850f1
febe9170-48fe-4d7c-b8e6-0fac0bc850f1,bb251e05-0ec1-45bf-867e-ea8646b4027a
f71bb093-929f-4d29-83d2-cb681b61da4b,d6eb155f-4b9e-4744-bd05-159f41eeb109
4c4d6e02-64de-4885-a087-0c9291c226b9,9728a377-6658-4754-a712-fe932ca8f3b2
b590a7c7-b7d9-40db-9b2e-d10f3a1926bb,7a89d0d7-9046-4d44-9156-114b0de7782b
22e0d9c3-5e21-4653-a47b-58462e93536d,c3f4103c-cd5e-4bc6-bdb9-646c72215876
a492a7c0-0a71-4497-9715-d6ed5ffb63b9,5186c834-b1a2-4a7a-8221-ea845cd866c8
4c4c2c1b-267d-4478-95e6-dcaca2c611bf,01a0048b-f309-46b9-a814-acae69ccd5b5
0ba37542-879b-494a-b2af-66e13df8a425,69143be1-5a6f-45d2-bfe6-5cb177490112
826c9dfc-db52-4d6f-917c-ca066433bd0c,488cbe66-acad-4f30-935f-9a1854f49a8d
dc36f2e0-8636-4a68-a814-7e82d23658b7,61014195-ea43-419f-bd9a-0e168b6811de
61014195-ea43-419f-bd9a-0e168b6811de,7fec5c1e-fafc-4d83-ab3e-6196caaaab76
163adcc6-43d6-4a7a-be29-658ffe1fb740,10ce7d49-9820-4f7e-b0b4-c5c9e0ec12c7
84d57128-2df5-4dff-b742-fc8a4491c52d,0ee0971a-f4c4-499a-a4cf-5553b6896a98
fd570d93-1ece-4906-9a1f-499a2b4b9ede,5fa41f79-3948-4445-8739-178605b2e102
2e726059-5ba4-4ebb-89d0-b9ee03104745,4b764429-f951-4e3a-a7a6-26eb40121c92
b8f22c93-2adb-48a1-8351-26f5a2d5a5d7,004b9857-803f-4ac4-a8f7-270ca9582618
7b7fd7e4-21c3-460c-8465-7b587b0205a3,36ef9adf-2a3a-4640-a4d0-6d47f8e36378
36ef9adf-2a3a-4640-a4d0-6d47f8e36378,16b73711-7b7a-43f1-8756-1727af9a0a6c
f040a403-a3e7-47c4-bd0e-d6b8609c5717,68625f88-7c6f-4c31-a9c0-ead9657f4266
0e586d5c-3c96-488e-a507-b658266bbcf3,38af6316-2647-4b66-a6fe-52931c0cbb45
38af6316-2647-4b66-a6fe-52931c0cbb45,1fa6747e-6d9f-4c4a-ae58-e0e3d103d459
869a37d6-b667-447e-8e7c-2718b54c2ff9,2f77b8b2-57ab-4a47-b9e6-049c5ef51ce3
7bf3bd38-547a-43ac-87bb-411c04de7756,111fda87-42f4-450c-9dbc-a79cdf65d827
c17205e8-6fea-49f2-891b-aea1f188bce7,5b39beb2-a22f-4ae6-8b94-2433404051b9
846503d5-94dd-4fb7-ae9b-ab0a56a5d3cc,aebeb756-b87a-4c63-9c40-a7a2d5f58156
bbb3c7d8-bc47-4bef-9db8-89f540f6540b,81bb8b23-c11b-4683-b95a-af224cec6a5c
397e6013-590e-4086-aa3e-ff29de28dc40,0df6a747-5873-43ab-8123-bc4647fe156b
4a6e21b7-3394-4336-8a2a-c1e9a97b2763,fb7b914e-e681-42de-8060-2ca006c1a453
d6715995-8d56-4d6f-987d-77fffb12ac8f,16e61a5c-5350-40aa-b71d-1382ee28010f
16e39de6-2ea8-4c76-a6f4-989dba9677bc,6aaa7680-f5bb-4b17-af36-063b65033bf8
f85d5293-3203-42b0-8ce5-dfb97762db50,b89ef945-463f-419e-80f0-486b0582b71b
d444562f-0376-41e5-9e60-83ccf79499e7,1d445fdc-41d0-4168-b76b-c0d2d6977458
faf03bb0-2abd-4b02-8a89-3b4a4fe917e3,06827b65-617c-43b4-81ef-54d5c5ddefe3
e108cede-94f0-4347-8bb9-10e91335149a,d643a7fa-8f87-45ea-a0da-e69cf59ef650
715d44b9-4be1-45fa-ab0f-b85c63811e73,ee0eae00-c19a-44a5-a14d-bab40b55c1d7
03055421-6b35-4c44-920d-daa46fbc1118,ceab9adc-8f31-4e11-8275-c2433255a7fb
78a76d67-178e-4f5f-b7ed-2f99e34cc228,9a0e16dc-dd71-490b-87ff-251cb0308528
b3ee4b8b-3c44-418b-8a8d-dc697a949e06,0cbcf08d-7c4a-447d-b877-30ba2aa848ae
4407b3d7-1f5f-468b-8ee4-706c4d770565,375f97b2-42af-4675-8cc8-5e8e78a0f81c
d0727fbf-c6e3-43de-aa8c-5f10995f19f4,7be7bcb3-e1f8-4553-b68a-eaa6fba8414e
7be7bcb3-e1f8-4553-b68a-eaa6fba8414e,b89fceec-b219-4cb3-b56a-196f0eed4c04
55a442f4-453a-4a4c-a9b0-277efc00742b,6a305b1e-7ece-4120-bf90-beefabcba316
e3f4f8c4-4551-43ec-9f05-ce0ad7db37cf,3374fc6b-6b9e-453f-bab8-caee3b6e1fe8
ecfc50ad-8425-42c5-9621-f9b3993db9c5,3e4f1d8f-2160-4eb0-823e-ced1993ba3eb
17944e9c-a2f0-47fe-865c-3dd127b505d9,ef985142-1061-4345-a915-db09744fefc0
728ee6cb-f6a4-45e0-be07-4ceed291e24f,6328a1bf-e45a-4497-b1f3-a8d77e874cd8
e6c3c0d2-5f52-477e-8b3b-c62f1bda8f9e,d6a05939-0f50-4b86-a6b3-579a4fd69f61
c1cd0c0f-de5c-47eb-ab8e-bf6af6793f99,643e0608-59b4-4313-b0b6-6f5107b0d74b
1fbd0ae1-9acd-4cea-a67c-2b0c4a11ddd9,895c4a53-f5c2-4c2f-992e-942782714093
82617ff5-aad7-49e2-af9d-206d36e17374,69a7a078-1280-4fe6-8769-160ffbba7534
69a7a078-1280-4fe6-8769-160ffbba7534,89e5cfe0-06f1-4a24-a236-2f3fb31fff0a
1df3f5d3-b9a3-411f-b007-c0cf11f32514,eca851d0-8e57-4745-8943-c210f457e4f2
12dc06f6-93aa-48c3-bc2f-aef70da4b933,6d9eec12-09ed-469b-bbe8-26b81b1ce85a
08d30900-3353-4802-877d-743fd184a18a,bf579a5c-44d7-426b-a666-6e61e7be8dfd
bf579a5c-44d7-426b-a666-6e61e7be8dfd,8f1a5849-1eb6-4064-8e10-818ba5ac9bf5
a521701a-ad43-4f13-8ddc-f8c16f1c9d12,e3a49ac0-dbc0-437e-8b66-02d64937536d
905fef5a-945f-4593-ae9c-b6bfce7b034a,bccd236f-d9c1-4ead-ba1a-ea1ffb40bc2b
bccd236f-d9c1-4ead-ba1a-ea1ffb40bc2b,3d76f0bd-a7a1-404d-8a63-3f80c695cea9
1bbc5d0e-a71f-44cd-9f21-b9023487d5a7,49196299-e704-450c-bfb2-dbd793c504bc
6662e5c8-039d-435f-9a50-60ec9521539b,efc3e7f0-f62d-45d2-886e-03451f004dbf
efc3e7f0-f62d-45d2-886e-03451f004dbf,fbbe915d-ab25-455b-a33b-829124e74665
dabf73ce-d5d9-453c-a61c-8f98eb8e4f28,e3a302e4-69b9-4694-8b63-ba930dbe0fa2
ade4f20f-a417-4408-908c-d10363793ebe,0250f7d0-2125-4963-9d50-67c19542e743
d1650bca-bf9d-4e08-97cd-6327aeab83ff,19cc19b0-b3ab-441f-96ee-a3d0d6f4a0ab
0250bee4-1980-44a3-a7ec-54cae1e8548a,10381fbd-4bfe-44d6-97a3-ad6e79db348e
a0cecdd3-f7e6-43dd-8abb-9dd3f891a899,0d84ad40-7028-473e-9de9-6ebd8c06c8d9
c457fde6-9485-4ef9-a922-0f641e3a0b14,1899817b-000e-4c3d-affe-2dc5fe6c579d
f943917a-56ca-4255-b23e-9037c5f96c5c,db69502a-a62c-4063-9480-19bbb0b3e37f
ddb867a2-0957-408f-845f-7304bd68aecf,4e2fe487-8544-44f9-908d-64a1a47abf96
5ab87ccd-5c11-4d3e-878e-5efb834b9bd7,f5b7293c-4df6-45bb-a3c3-0a56ae706fc3
3779599f-141a-419b-9e5e-4cb1afedf0be,1f74833e-c658-4c6d-98f7-d1123909b0b5
65fe0c32-7db1-4976-a3c6-f7507451d141,c8e2c06f-63ea-4aed-8866-891fdef2190e
c17f7bce-f5a8-4ad4-a5b6-a9351e9a17f5,a72a265c-f5e3-4dff-93be-ae67c8b2d3ed
377107e7-dbc9-4a78-8097-e109aeb1e48a,a63f3e1d-2be1-4b20-97f4-bd1761f95963
5b58bcae-409f-4b98-a08a-da8172aeaa45,3f2496f5-7359-4b62-966e-fa82547282dc
3f2496f5-7359-4b62-966e-fa82547282dc,f5ce516e-9388-4e8f-8757-a951041d2a8e
f5c536a6-a792-4ec4-9d8a-b4fbf50825df,b1fb7daa-367d-4f29-94d0-50fc86cd4714
0fe9dfff-eb14-418b-9f52-a6217a12b6cc,e368d4a6-b09f-45f4-b1ac-a8a30db757a8
e368d4a6-b09f-45f4-b1ac-a8a30db757a8,7f1c6a4e-e8e1-4136-9bed-8da74a184fa3
d24f99bd-b24f-4db2-8209-40c2c1c22302,41e8ce84-c5f2-4b9f-8568-62a57e257967
41e8ce84-c5f2-4b9f-8568-62a57e257967,587a858b-7e68-4c58-be65-17f0e793427f
3ddb1b27-565b-472e-bc27-8ac4ff472173,90bef8aa-6d33-4c4c-bb74-334032f6af78
83f066fa-82e6-457d-a571-b3ba0ce0b923,985e76fd-0d5e-4618-afcd-b228e6aeca95
f92ee5c4-2329-40a6-9407-85cad35ece2b,ca17d3eb-cfe4-4b86-b88d-4e3967ed6a5b
d9e7134d-7fdb-46ec-97c2-10f2d2756bde,74a49bd2-8ad7-4aee-a78d-0c40697c23d1
d96fed7b-63ef-47f6-b742-949bc6d08c68,c9d74bf7-9f8c-4850-bcd0-c33f0016895b
a0a7b251-dc24-4fba-8d64-c8ef903a1b88,b76055ad-25c5-4710-a9b6-49de4f59d0ff
b76055ad-25c5-4710-a9b6-49de4f59d0ff,ee60c03b-71bd-4f78-bee7-c039875e0007
8ad479a6-9e57-4821-9d57-2e1e49f21e7f,5769bd9e-2451-47c9-bdaf-1383e02738c4
5769bd9e-2451-47c9-bdaf-1383e02738c4,9c631c6b-6e0c-4429-8434-5764d1ea6d7a
10f51944-f205-4da3-a71e-be8e8acec2b3,d8e032a5-3ba2-4fcd-8fb1-515792f3a802
7c932e8a-b105-45b0-9771-6c97232c551a,d3ffe670-75ed-430c-8769-91c65dc18713
76ca993f-9928-445a-9256-455bd6bbe2a7,6aa00cd4-d337-4adc-9329-e455076f3daa
4e236a34-77e4-4ee0-83b8-bfc569f6ea35,c13d9cac-d969-4385-a1ad-cf4726938027
46bb8fc8-b777-4329-a7f8-0cab3eb965af,41931fa3-e18f-4eac-b04a-1906b38107f8
bb5f3013-d74a-425b-ae50-5d135ff6de8e,bc071aa4-d821-4d83-ab81-cb841c93b15b
7febded7-dcd6-4f04-b2ba-749817b8532a,0c241352-93b8-49fe-aa30-08b49244a225
0c241352-93b8-49fe-aa30-08b49244a225,ce965581-b50c-4131-aa5c-8e4772aa75c4
506d9e21-de39-4ec9-a05a-e51cfb689d8f,473fa6db-b806-4110-a3ec-d4c55929768e
9c6fd809-6b36-4092-909c-e812e440b750,aa4d386e-f063-48a0-b345-b16828e7416c
cb73d4d5-9c74-4745-adf2-69b52139bec4,f4cfcc32-a870-41d9-a1de-8a0a31c52d36
dd4fa483-f9d0-46eb-a066-8d0614de86e2,b83a5a36-9c64-49fe-b848-f18ddc387ac6
639dca14-0880-4d7e-a917-ae80f0fc3c1e,a1a4cfe8-9030-4ebf-ba50-dbabd4310f86
8e9f273e-b2f8-4442-a9f2-1027d3afde3d,7b4605da-b05c-4906-8697-123c8dd2f594
27f0cfde-047c-4e10-9c83-67d6affa8acc,c373bb13-1be3-44ab-883d-ea0229f87cb7
17601aca-ec24-4f04-93e9-9eb2321020c5,24e0ce3b-a009-4903-a8c5-deea6d673298
13fdf39c-5878-413c-9b29-935c19b93cc0,07510a95-dbef-4720-b3b3-7be1cdd9e5ea
07510a95-dbef-4720-b3b3-7be1cdd9e5ea,419e49e5-0ec3-4547-b067-0e14819d9f94
e9ceaf41-6be1-4b71-af51-bf7a58cb676a,06dc951c-0bb2-4f9c-afcb-a8ebd2f37a63
70ff0c59-e9cb-4474-b7a3-9b2ca52d1b2b,5ce4be08-320c-4d42-81d3-605d959ad67a
31f3c575-b7cb-4999-8b97-8d0f38ff4f45,631d9b2b-3023-4126-a3a7-edcaead95069
f4e4093b-60a5-4963-b71c-a0e369a090c3,d098d536-dae1-4fdd-b3f2-84d0d741efd9
4a9aaeaf-69a2-4350-846d-6a460945f30c,9fe5fcb1-8a96-4a94-9939-3cc6eb102a4a
27400663-2e48-4324-a7e0-3755f0c34a69,07c09e3d-83e3-450e-9c90-2565fdc1fe8e
9ddd0542-0d76-496f-a2e2-a8950336c8a6,0cca921e-7b54-4a38-9890-7bcf0fb6b3c1
0cca921e-7b54-4a38-9890-7bcf0fb6b3c1,ad403ab2-d9fc-4cf8-bc16-5f7633539ad2
ccba858b-ee84-4852-9724-75aad6f9ac23,7863f94d-6329-4b39-9fb5-e2b9ae0732be
e691f083-caf5-4ef5-8a82-87f4bc1d8fb2,76b85967-97fd-4786-9873-4e6abf7c0fb7
7e75157f-47a2-4d48-8dcf-45c9f33262d9,a51a6b2a-d855-455d-a89e-0ef67e1c88f5
b31cb599-f800-4290-b9d8-161c46fdc9fb,7305769a-880e-4c01-bf2b-a266a1a2f743
8bb7d524-2cfc-496a-ba03-63f075d29c2c,7a7a88cc-f6dd-47b6-a482-afd13e5d4179
b2f73d6e-3c6d-4a1e-b959-1c7fcd1f9df6,8cb28243-1c98-438e-a862-0a3bfdbed43c
f0f59aa3-bdaa-475d-a949-7a8e1e2cb3f2,9a302a1f-80b4-48f9-8cb4-9244af164444
b26734f6-19bd-4a0a-bb76-3ac312b42899,88e75438-e84d-4e74-9bcd-bd6317b3764a
dd13a154-7b06-4e25-8cfc-8196d3832528,53de57b4-5480-4fee-a40f-e80917f5fc4c
62ca0512-93c4-4565-bdde-f07068634fc7,86f87777-f5a4-412a-a6de-823789606728
86f87777-f5a4-412a-a6de-823789606728,ce5adf07-30dd-4bf5-b531-52f2d41f004e
2fa0c4de-886e-4517-8558-66afa8ee6748,cc3850a7-d7bb-47de-8c7f-429c446181dc
cc3850a7-d7bb-47de-8c7f-429c446181dc,b0e28ad4-af69-4709-8af3-a29617dab71e
204154c2-d013-404e-90b4-2f8e6c13b5a8,99c8b004-46a7-4046-bddb-70fe4484e7ac
2443ebb2-822f-44cd-bc42-ddfdf444e29a,d40bc79e-e310-40c6-a8a8-2ab80e1b3099
f29c48e9-daea-4689-b73d-d8b6ad99022a,381489b8-72c3-43e5-85c6-dd73133060b1
381489b8-72c3-43e5-85c6-dd73133060b1,5a5651cb-f4ed-40e0-827d-3557476ea137
06447844-c5ee-48b4-9ac3-bcc10e3de631,ac630294-4746-453a-9c1d-61e59f92a688
d31127a8-02f0-4aaa-8175-3686dc7ca7b0,d033e756-fa49-421c-a8d4-9df94b325ebb
a5920334-4eb9-496d-a219-e57ec674c3ec,4cafb0fe-fe7c-45b3-9b3e-43dbc306373e
a50188e1-e98e-419f-ba3e-8f40cc111c0b,e009708b-45ae-4eeb-9f98-c6abe5152a3e
c07730e1-8e44-49a5-a788-7ea1f698a9a0,fc7f909c-a0d6-464a-a436-b88fb87ec06e
61ae415c-4665-48be-a761-1b0508a366ef,a883cc77-f7eb-4bcf-91b9-45920e6cf5bb
a883cc77-f7eb-4bcf-91b9-45920e6cf5bb,e27418dc-aeb4-4386-b5ec-3c9c2b99d112
dd65385d-002f-47cb-a6b2-239910864def,11bcb319-6db3-4230-9e2b-de62da01e1d1
27083a46-5f0b-405e-ab3c-ae135ee08cd0,cedc3949-baa1-4f36-a363-6664411bfc29
f0e43e84-9d5c-4771-b66d-bd11fc33ecef,c562afe3-99c5-4f1d-a7ae-0cad7fc42ca1
26fb3e72-571c-4a33-a5cb-541046f281d2,c5e79edc-26a9-4e84-a98b-1a7667c148f1
c5e79edc-26a9-4e84-a98b-1a7667c148f1,b374a803-afc3-47da-93b3-87819b05a068
5fade22a-4035-4034-a5c5-539df79090fb,7f930b28-1907-40a8-a301-12a9e75f3810
74958624-cd37-4c07-a6f8-9fffef396d12,8773adb4-dcd5-48ad-9176-e206d674f00f
26a786f0-ff98-42cc-b430-e5d724de1d79,0d964993-b83b-48fb-989e-06412baae1b4
5cb539ae-275e-4c37-b093-0ed181ef2e12,e7c90da9-7743-45d2-89ad-2b93b88911c2
b08b16e5-9675-437e-b3e0-20a57fe9a630,e4c67af4-550a-4363-b618-3e5d0e55f36a
d6c8b6ea-aad9-4afd-aeae-7d0aaa8485c9,ea53d860-9233-459d-84a7-1f65509b4a6f
1bdc7bce-9a1e-42b9-8af0-03b7ece9ad2f,6b2db73a-52fe-4a6a-9cc7-727886ddf260
19fe738f-13a9-4694-91e9-323153bcb26a,4ddd5531-39da-424e-82eb-3078698d5d82
4ddd5531-39da-424e-82eb-3078698d5d82,4435fb96-e460-43b4-9830-d65f63c0022f
7205e3e5-2c02-4331-bd49-0a50bb40b509,6d8cdf0e-7c68-4215-a0d7-2638948d3ad5
6d8cdf0e-7c68-4215-a0d7-2638948d3ad5,bb3b1f3f-f4b6-40b8-8465-5d737befcb41
919b7499-cfb0-4391-b0ce-734f99a33dc4,a2ac67f6-abaf-4531-b705-a84af2dd6495
7c73dd0b-a6a8-4294-a911-99cb68a1fb97,b5971fc1-6cfa-443f-a1db-a7a937785c64
b5971fc1-6cfa-443f-a1db-a7a937785c64,c7a40b4d-f9cb-4551-9cef-5d37de0dce41
0f50a859-5878-426b-ac23-322f83f11d80,b128fc55-938e-4f60-a195-fa7ed022dc92
f354a6f1-d450-4d6f-b989-e0fe22a8024c,0f397584-5ea8-46f4-a7ef-4128d8e7f8bd
cf280c0e-b426-4576-933a-369c521f3888,385a764f-f32a-4623-8191-5dfa8ccea40a
74aca28a-121f-46de-8a98-2538a457ed56,a5af3971-fd8d-40aa-b3bb-23787e7ebe02
a5af3971-fd8d-40aa-b3bb-23787e7ebe02,a226b760-5f12-4eb4-b1a7-5c483f4c7c09
dbf47b6a-60e4-475d-8553-83210e4d59a1,fad537e6-a091-40df-8a42-7602c130bd55
ad975897-7919-49e4-a45c-b4d9ba0c86ce,ab81dcbe-3067-47ed-8b0e-53dbbe868378
1c3c99ef-3186-48dc-b270-9f3ea4cf4091,5979d4be-747c-4202-884e-da2d39a0b373
5979d4be-747c-4202-884e-da2d39a0b373,c63ab8f3-3736-4fc4-8f04-7da04e003fd7
1a9043da-20f7-4a4b-a848-51f74e47f06c,dadee938-4f9b-4ed8-b695-01c8b1ae563e
68d9a47d-c2a8-4ee5-bfaa-5b8fd62f1b13,209195bb-f949-4697-95de-35530bb6967f
aac0acb2-ea2f-4ae0-b9ee-9f2db6a6e1ce,106139b4-1ab2-4b7d-a112-b7a58ccb62b2
dc8513b5-51f8-4357-ae78-0d4a1b8fe7fb,d7ca7fb6-7ab4-4af1-b6df-5ee39150138f
8ceee0ad-0acc-4ccd-9c19-9a30a083ce68,cc101e54-9ac2-4478-a579-c4066133bdf4
35694601-45dc-4e82-bc2a-5e29f9d81db9,63ce5d32-c148-47f9-ae2e-77e6f706ca95
63ce5d32-c148-47f9-ae2e-77e6f706ca95,2315dc74-9a30-4491-981c-c23d6dc156ac
a793ff4c-ff41-4504-9afe-ae88a1e8248b,f626f2e9-9b9f-4432-91cf-63efa7aa9472
cf2f6c8c-10f1-4779-b33e-4cef3163d37b,dc4fc9a5-6bf5-4893-bd3b-629616edc759
fc053936-9b4c-4d3c-8e4b-3a2326947d7c,90567b40-4a70-4b6c-a422-9311b7eacb3d
